date,day,bottle,sample,species,total.present.in.drops,pH,bac.density
7/27/20,0,High1,1,euplotes,NA,6.76,73280000
7/27/20,0,High2,1,euplotes,NA,6.76,58781400
7/27/20,0,High3,1,euplotes,NA,6.76,62999700
7/27/20,0,High4,1,euplotes,NA,6.76,90963600
7/27/20,0,High5,1,euplotes,NA,6.76,16530000
7/27/20,0,High6,1,euplotes,NA,6.76,20310000
7/27/20,0,High7,1,euplotes,NA,6.76,32010000
7/27/20,0,High8,1,euplotes,NA,6.76,28830000
7/27/20,0,High1,2,euplotes,NA,6.72,NA
7/27/20,0,High2,2,euplotes,NA,6.72,NA
7/27/20,0,High3,2,euplotes,NA,6.72,NA
7/27/20,0,High4,2,euplotes,NA,6.72,NA
7/27/20,0,High5,2,euplotes,NA,6.72,NA
7/27/20,0,High6,2,euplotes,NA,6.72,NA
7/27/20,0,High7,2,euplotes,NA,6.72,NA
7/27/20,0,High8,2,euplotes,NA,6.72,NA
7/27/20,0,High1,3,euplotes,NA,6.66,NA
7/27/20,0,High2,3,euplotes,NA,6.66,NA
7/27/20,0,High3,3,euplotes,NA,6.66,NA
7/27/20,0,High4,3,euplotes,NA,6.66,NA
7/27/20,0,High5,3,euplotes,NA,6.66,NA
7/27/20,0,High6,3,euplotes,NA,6.66,NA
7/27/20,0,High7,3,euplotes,NA,6.66,NA
7/27/20,0,High8,3,euplotes,NA,6.66,NA
8/3/20,7,High1,1,euplotes,9,7.3,NA
8/3/20,7,High2,1,euplotes,10,7.35,NA
8/3/20,7,High3,1,euplotes,10,7.35,NA
8/3/20,7,High4,1,euplotes,10,7.31,NA
8/3/20,7,High5,1,euplotes,10,7.41,NA
8/3/20,7,High6,1,euplotes,9,7.37,NA
8/3/20,7,High7,1,euplotes,10,7.44,NA
8/3/20,7,High8,1,euplotes,10,7.42,NA
8/3/20,7,High1,2,euplotes,10,7.29,NA
8/3/20,7,High2,2,euplotes,10,7.36,NA
8/3/20,7,High3,2,euplotes,10,7.4,NA
8/3/20,7,High4,2,euplotes,10,7.3,NA
8/3/20,7,High5,2,euplotes,10,7.39,NA
8/3/20,7,High6,2,euplotes,10,7.4,NA
8/3/20,7,High7,2,euplotes,10,7.45,NA
8/3/20,7,High8,2,euplotes,10,7.42,NA
8/3/20,7,High1,3,euplotes,9,7.29,NA
8/3/20,7,High2,3,euplotes,9,7.35,NA
8/3/20,7,High3,3,euplotes,10,7.42,NA
8/3/20,7,High4,3,euplotes,10,7.29,NA
8/3/20,7,High5,3,euplotes,10,7.39,NA
8/3/20,7,High6,3,euplotes,10,7.43,NA
8/3/20,7,High7,3,euplotes,10,7.44,NA
8/3/20,7,High8,3,euplotes,9,7.42,NA
8/10/20,14,High1,1,euplotes,10,7.52,NA
8/10/20,14,High2,1,euplotes,10,7.39,NA
8/10/20,14,High3,1,euplotes,10,7.41,NA
8/10/20,14,High4,1,euplotes,10,7.48,NA
8/10/20,14,High5,1,euplotes,10,7.52,NA
8/10/20,14,High6,1,euplotes,10,7.44,NA
8/10/20,14,High7,1,euplotes,10,7.57,NA
8/10/20,14,High8,1,euplotes,10,7.48,NA
8/10/20,14,High1,2,euplotes,10,7.46,NA
8/10/20,14,High2,2,euplotes,10,7.39,NA
8/10/20,14,High3,2,euplotes,10,7.41,NA
8/10/20,14,High4,2,euplotes,10,7.48,NA
8/10/20,14,High5,2,euplotes,10,7.51,NA
8/10/20,14,High6,2,euplotes,10,7.47,NA
8/10/20,14,High7,2,euplotes,10,7.56,NA
8/10/20,14,High8,2,euplotes,10,7.5,NA
8/10/20,14,High1,3,euplotes,10,7.43,NA
8/10/20,14,High2,3,euplotes,10,7.38,NA
8/10/20,14,High3,3,euplotes,9,7.42,NA
8/10/20,14,High4,3,euplotes,10,7.48,NA
8/10/20,14,High5,3,euplotes,10,7.5,NA
8/10/20,14,High6,3,euplotes,10,7.49,NA
8/10/20,14,High7,3,euplotes,10,7.55,NA
8/10/20,14,High8,3,euplotes,10,7.5,NA
8/18/20,22,High1,1,euplotes,0,7.84,NA
8/18/20,22,High2,1,euplotes,0,7.87,NA
8/18/20,22,High3,1,euplotes,0,7.9,NA
8/18/20,22,High4,1,euplotes,0,7.9,NA
8/18/20,22,High5,1,euplotes,0,7.96,NA
8/18/20,22,High6,1,euplotes,0,8.01,NA
8/18/20,22,High7,1,euplotes,0,8.03,NA
8/18/20,22,High8,1,euplotes,0,8.1,NA
8/18/20,22,High1,2,euplotes,0,7.87,NA
8/18/20,22,High2,2,euplotes,0,7.89,NA
8/18/20,22,High3,2,euplotes,0,7.92,NA
8/18/20,22,High4,2,euplotes,0,7.94,NA
8/18/20,22,High5,2,euplotes,0,7.99,NA
8/18/20,22,High6,2,euplotes,0,8.03,NA
8/18/20,22,High7,2,euplotes,0,8.08,NA
8/18/20,22,High8,2,euplotes,0,8.13,NA
8/18/20,22,High1,3,euplotes,0,7.89,NA
8/18/20,22,High2,3,euplotes,0,7.9,NA
8/18/20,22,High3,3,euplotes,0,7.93,NA
8/18/20,22,High4,3,euplotes,0,7.96,NA
8/18/20,22,High5,3,euplotes,0,8.01,NA
8/18/20,22,High6,3,euplotes,0,8.05,NA
8/18/20,22,High7,3,euplotes,0,8.1,NA
8/18/20,22,High8,3,euplotes,0,8.17,NA
8/24/20,28,High1,1,euplotes,0,8.24,NA
8/24/20,28,High2,1,euplotes,0,8.01,NA
8/24/20,28,High3,1,euplotes,0,8.07,NA
8/24/20,28,High4,1,euplotes,0,8.06,NA
8/24/20,28,High5,1,euplotes,0,8.31,NA
8/24/20,28,High6,1,euplotes,0,8.42,NA
8/24/20,28,High7,1,euplotes,0,8.4,NA
8/24/20,28,High8,1,euplotes,0,8.45,NA
8/24/20,28,High1,2,euplotes,0,8.12,NA
8/24/20,28,High2,2,euplotes,0,8.02,NA
8/24/20,28,High3,2,euplotes,0,8.07,NA
8/24/20,28,High4,2,euplotes,0,8.25,NA
8/24/20,28,High5,2,euplotes,0,8.41,NA
8/24/20,28,High6,2,euplotes,0,8.48,NA
8/24/20,28,High7,2,euplotes,0,8.42,NA
8/24/20,28,High8,2,euplotes,0,8.51,NA
8/24/20,28,High1,3,euplotes,0,8.08,NA
8/24/20,28,High2,3,euplotes,0,8.04,NA
8/24/20,28,High3,3,euplotes,0,8.1,NA
8/24/20,28,High4,3,euplotes,0,8.28,NA
8/24/20,28,High5,3,euplotes,0,8.44,NA
8/24/20,28,High6,3,euplotes,0,8.51,NA
8/24/20,28,High7,3,euplotes,0,8.44,NA
8/24/20,28,High8,3,euplotes,0,8.57,NA
9/1/20,36,High1,1,euplotes,0,7.54,NA
9/1/20,36,High2,1,euplotes,0,7.52,NA
9/1/20,36,High3,1,euplotes,0,7.76,NA
9/1/20,36,High4,1,euplotes,0,8.39,NA
9/1/20,36,High5,1,euplotes,0,8.47,NA
9/1/20,36,High6,1,euplotes,0,8.53,NA
9/1/20,36,High7,1,euplotes,0,8.47,NA
9/1/20,36,High8,1,euplotes,0,8.63,NA
9/1/20,36,High1,2,euplotes,0,7.5,NA
9/1/20,36,High2,2,euplotes,0,7.59,NA
9/1/20,36,High3,2,euplotes,0,7.78,NA
9/1/20,36,High4,2,euplotes,0,8.31,NA
9/1/20,36,High5,2,euplotes,0,8.54,NA
9/1/20,36,High6,2,euplotes,0,8.49,NA
9/1/20,36,High7,2,euplotes,0,8.58,NA
9/1/20,36,High8,2,euplotes,0,8.67,NA
9/1/20,36,High1,3,euplotes,0,7.47,NA
9/1/20,36,High2,3,euplotes,0,7.68,NA
9/1/20,36,High3,3,euplotes,0,7.83,NA
9/1/20,36,High4,3,euplotes,0,8.35,NA
9/1/20,36,High5,3,euplotes,0,8.57,NA
9/1/20,36,High6,3,euplotes,0,8.59,NA
9/1/20,36,High7,3,euplotes,0,8.62,NA
9/1/20,36,High8,3,euplotes,0,8.71,NA
9/8/20,43,High1,1,euplotes,0,7.36,57000000
9/8/20,43,High2,1,euplotes,0,7.87,39750000
9/8/20,43,High3,1,euplotes,0,8.07,52350000
9/8/20,43,High4,1,euplotes,0,8.08,23550000
9/8/20,43,High5,1,euplotes,0,8.33,46650000
9/8/20,43,High6,1,euplotes,0,8.46,64200000
9/8/20,43,High7,1,euplotes,0,8.43,54750000
9/8/20,43,High8,1,euplotes,0,8.51,58200000
9/8/20,43,High1,2,euplotes,0,7.23,57000000
9/8/20,43,High2,2,euplotes,0,7.92,39750000
9/8/20,43,High3,2,euplotes,0,8.07,52350000
9/8/20,43,High4,2,euplotes,0,8.21,23550000
9/8/20,43,High5,2,euplotes,0,8.43,46650000
9/8/20,43,High6,2,euplotes,0,8.42,64200000
9/8/20,43,High7,2,euplotes,0,8.49,54750000
9/8/20,43,High8,2,euplotes,0,8.52,58200000
9/8/20,43,High1,3,euplotes,0,7.37,57000000
9/8/20,43,High2,3,euplotes,0,7.98,39750000
9/8/20,43,High3,3,euplotes,0,8.11,52350000
9/8/20,43,High4,3,euplotes,0,8.29,23550000
9/8/20,43,High5,3,euplotes,0,8.36,46650000
9/8/20,43,High6,3,euplotes,0,8.51,64200000
9/8/20,43,High7,3,euplotes,0,8.55,54750000
9/8/20,43,High8,3,euplotes,0,8.57,58200000
9/14/20,49,High1,1,euplotes,0,8.08,NA
9/14/20,49,High2,1,euplotes,0,8,NA
9/14/20,49,High3,1,euplotes,0,8.04,NA
9/14/20,49,High4,1,euplotes,0,8.19,NA
9/14/20,49,High5,1,euplotes,0,8.35,NA
9/14/20,49,High6,1,euplotes,0,8.44,NA
9/14/20,49,High7,1,euplotes,0,8.57,NA
9/14/20,49,High8,1,euplotes,0,8.63,NA
9/14/20,49,High1,2,euplotes,0,7.93,NA
9/14/20,49,High2,2,euplotes,0,7.89,NA
9/14/20,49,High3,2,euplotes,0,8.08,NA
9/14/20,49,High4,2,euplotes,0,8.22,NA
9/14/20,49,High5,2,euplotes,0,8.45,NA
9/14/20,49,High6,2,euplotes,0,8.51,NA
9/14/20,49,High7,2,euplotes,0,8.54,NA
9/14/20,49,High8,2,euplotes,0,8.67,NA
9/14/20,49,High1,3,euplotes,0,7.91,NA
9/14/20,49,High2,3,euplotes,0,7.94,NA
9/14/20,49,High3,3,euplotes,0,8.15,NA
9/14/20,49,High4,3,euplotes,0,8.28,NA
9/14/20,49,High5,3,euplotes,0,8.5,NA
9/14/20,49,High6,3,euplotes,0,8.54,NA
9/14/20,49,High7,3,euplotes,0,8.59,NA
9/14/20,49,High8,3,euplotes,0,8.78,NA
9/21/20,56,High1,1,euplotes,0,7.69,58800000
9/21/20,56,High2,1,euplotes,0,7.7,40200000
9/21/20,56,High3,1,euplotes,0,7.99,34950000
9/21/20,56,High4,1,euplotes,0,8.18,64800000
9/21/20,56,High5,1,euplotes,0,8.14,73050000
9/21/20,56,High6,1,euplotes,0,8.27,57600000
9/21/20,56,High7,1,euplotes,0,8.42,88050000
9/21/20,56,High8,1,euplotes,0,8.48,77850000
9/21/20,56,High1,2,euplotes,0,7.59,58800000
9/21/20,56,High2,2,euplotes,0,7.76,40200000
9/21/20,56,High3,2,euplotes,0,7.9,34950000
9/21/20,56,High4,2,euplotes,0,8.06,64800000
9/21/20,56,High5,2,euplotes,0,8.08,73050000
9/21/20,56,High6,2,euplotes,0,8.37,57600000
9/21/20,56,High7,2,euplotes,0,8.5,88050000
9/21/20,56,High8,2,euplotes,0,8.54,77850000
9/21/20,56,High1,3,euplotes,0,7.56,58800000
9/21/20,56,High2,3,euplotes,0,7.84,40200000
9/21/20,56,High3,3,euplotes,0,7.94,34950000
9/21/20,56,High4,3,euplotes,0,8.12,64800000
9/21/20,56,High5,3,euplotes,0,8.2,73050000
9/21/20,56,High6,3,euplotes,0,8.45,57600000
9/21/20,56,High7,3,euplotes,0,8.54,88050000
9/21/20,56,High8,3,euplotes,0,8.58,77850000
7/27/20,0,High1,1,tetra,NA,6.76,73280000
7/27/20,0,High2,1,tetra,NA,6.76,58781400
7/27/20,0,High3,1,tetra,NA,6.76,62999700
7/27/20,0,High4,1,tetra,NA,6.76,90963600
7/27/20,0,High5,1,tetra,NA,6.76,16530000
7/27/20,0,High6,1,tetra,NA,6.76,20310000
7/27/20,0,High7,1,tetra,NA,6.76,32010000
7/27/20,0,High8,1,tetra,NA,6.76,28830000
7/27/20,0,High1,2,tetra,NA,6.72,NA
7/27/20,0,High2,2,tetra,NA,6.72,NA
7/27/20,0,High3,2,tetra,NA,6.72,NA
7/27/20,0,High4,2,tetra,NA,6.72,NA
7/27/20,0,High5,2,tetra,NA,6.72,NA
7/27/20,0,High6,2,tetra,NA,6.72,NA
7/27/20,0,High7,2,tetra,NA,6.72,NA
7/27/20,0,High8,2,tetra,NA,6.72,NA
7/27/20,0,High1,3,tetra,NA,6.66,NA
7/27/20,0,High2,3,tetra,NA,6.66,NA
7/27/20,0,High3,3,tetra,NA,6.66,NA
7/27/20,0,High4,3,tetra,NA,6.66,NA
7/27/20,0,High5,3,tetra,NA,6.66,NA
7/27/20,0,High6,3,tetra,NA,6.66,NA
7/27/20,0,High7,3,tetra,NA,6.66,NA
7/27/20,0,High8,3,tetra,NA,6.66,NA
8/3/20,7,High1,1,tetra,10,7.3,NA
8/3/20,7,High2,1,tetra,10,7.35,NA
8/3/20,7,High3,1,tetra,10,7.35,NA
8/3/20,7,High4,1,tetra,10,7.31,NA
8/3/20,7,High5,1,tetra,10,7.41,NA
8/3/20,7,High6,1,tetra,10,7.37,NA
8/3/20,7,High7,1,tetra,10,7.44,NA
8/3/20,7,High8,1,tetra,10,7.42,NA
8/3/20,7,High1,2,tetra,10,7.29,NA
8/3/20,7,High2,2,tetra,10,7.36,NA
8/3/20,7,High3,2,tetra,10,7.4,NA
8/3/20,7,High4,2,tetra,10,7.3,NA
8/3/20,7,High5,2,tetra,10,7.39,NA
8/3/20,7,High6,2,tetra,10,7.4,NA
8/3/20,7,High7,2,tetra,10,7.45,NA
8/3/20,7,High8,2,tetra,10,7.42,NA
8/3/20,7,High1,3,tetra,10,7.29,NA
8/3/20,7,High2,3,tetra,10,7.35,NA
8/3/20,7,High3,3,tetra,10,7.42,NA
8/3/20,7,High4,3,tetra,10,7.29,NA
8/3/20,7,High5,3,tetra,10,7.39,NA
8/3/20,7,High6,3,tetra,10,7.43,NA
8/3/20,7,High7,3,tetra,10,7.44,NA
8/3/20,7,High8,3,tetra,10,7.42,NA
8/10/20,14,High1,1,tetra,2,7.52,NA
8/10/20,14,High2,1,tetra,7,7.39,NA
8/10/20,14,High3,1,tetra,0,7.41,NA
8/10/20,14,High4,1,tetra,9,7.48,NA
8/10/20,14,High5,1,tetra,7,7.52,NA
8/10/20,14,High6,1,tetra,5,7.44,NA
8/10/20,14,High7,1,tetra,10,7.57,NA
8/10/20,14,High8,1,tetra,10,7.48,NA
8/10/20,14,High1,2,tetra,1,7.46,NA
8/10/20,14,High2,2,tetra,0,7.39,NA
8/10/20,14,High3,2,tetra,0,7.41,NA
8/10/20,14,High4,2,tetra,1,7.48,NA
8/10/20,14,High5,2,tetra,0,7.51,NA
8/10/20,14,High6,2,tetra,0,7.47,NA
8/10/20,14,High7,2,tetra,2,7.56,NA
8/10/20,14,High8,2,tetra,1,7.5,NA
8/10/20,14,High1,3,tetra,5,7.43,NA
8/10/20,14,High2,3,tetra,0,7.38,NA
8/10/20,14,High3,3,tetra,1,7.42,NA
8/10/20,14,High4,3,tetra,1,7.48,NA
8/10/20,14,High5,3,tetra,1,7.5,NA
8/10/20,14,High6,3,tetra,0,7.49,NA
8/10/20,14,High7,3,tetra,0,7.55,NA
8/10/20,14,High8,3,tetra,1,7.5,NA
8/18/20,22,High1,1,tetra,10,7.84,NA
8/18/20,22,High2,1,tetra,10,7.87,NA
8/18/20,22,High3,1,tetra,10,7.9,NA
8/18/20,22,High4,1,tetra,10,7.9,NA
8/18/20,22,High5,1,tetra,10,7.96,NA
8/18/20,22,High6,1,tetra,10,8.01,NA
8/18/20,22,High7,1,tetra,4,8.03,NA
8/18/20,22,High8,1,tetra,10,8.1,NA
8/18/20,22,High1,2,tetra,10,7.87,NA
8/18/20,22,High2,2,tetra,10,7.89,NA
8/18/20,22,High3,2,tetra,10,7.92,NA
8/18/20,22,High4,2,tetra,10,7.94,NA
8/18/20,22,High5,2,tetra,10,7.99,NA
8/18/20,22,High6,2,tetra,10,8.03,NA
8/18/20,22,High7,2,tetra,0,8.08,NA
8/18/20,22,High8,2,tetra,10,8.13,NA
8/18/20,22,High1,3,tetra,10,7.89,NA
8/18/20,22,High2,3,tetra,9,7.9,NA
8/18/20,22,High3,3,tetra,10,7.93,NA
8/18/20,22,High4,3,tetra,10,7.96,NA
8/18/20,22,High5,3,tetra,10,8.01,NA
8/18/20,22,High6,3,tetra,10,8.05,NA
8/18/20,22,High7,3,tetra,0,8.1,NA
8/18/20,22,High8,3,tetra,10,8.17,NA
8/24/20,28,High1,1,tetra,10,8.24,NA
8/24/20,28,High2,1,tetra,10,8.01,NA
8/24/20,28,High3,1,tetra,10,8.07,NA
8/24/20,28,High4,1,tetra,10,8.06,NA
8/24/20,28,High5,1,tetra,10,8.31,NA
8/24/20,28,High6,1,tetra,10,8.42,NA
8/24/20,28,High7,1,tetra,10,8.4,NA
8/24/20,28,High8,1,tetra,10,8.45,NA
8/24/20,28,High1,2,tetra,10,8.12,NA
8/24/20,28,High2,2,tetra,10,8.02,NA
8/24/20,28,High3,2,tetra,10,8.07,NA
8/24/20,28,High4,2,tetra,10,8.25,NA
8/24/20,28,High5,2,tetra,10,8.41,NA
8/24/20,28,High6,2,tetra,10,8.48,NA
8/24/20,28,High7,2,tetra,10,8.42,NA
8/24/20,28,High8,2,tetra,10,8.51,NA
8/24/20,28,High1,3,tetra,10,8.08,NA
8/24/20,28,High2,3,tetra,10,8.04,NA
8/24/20,28,High3,3,tetra,10,8.1,NA
8/24/20,28,High4,3,tetra,10,8.28,NA
8/24/20,28,High5,3,tetra,10,8.44,NA
8/24/20,28,High6,3,tetra,10,8.51,NA
8/24/20,28,High7,3,tetra,10,8.44,NA
8/24/20,28,High8,3,tetra,10,8.57,NA
9/1/20,36,High1,1,tetra,10,7.54,NA
9/1/20,36,High2,1,tetra,10,7.52,NA
9/1/20,36,High3,1,tetra,10,7.76,NA
9/1/20,36,High4,1,tetra,10,8.39,NA
9/1/20,36,High5,1,tetra,10,8.47,NA
9/1/20,36,High6,1,tetra,10,8.53,NA
9/1/20,36,High7,1,tetra,10,8.47,NA
9/1/20,36,High8,1,tetra,10,8.63,NA
9/1/20,36,High1,2,tetra,10,7.5,NA
9/1/20,36,High2,2,tetra,10,7.59,NA
9/1/20,36,High3,2,tetra,10,7.78,NA
9/1/20,36,High4,2,tetra,10,8.31,NA
9/1/20,36,High5,2,tetra,10,8.54,NA
9/1/20,36,High6,2,tetra,10,8.49,NA
9/1/20,36,High7,2,tetra,10,8.58,NA
9/1/20,36,High8,2,tetra,10,8.67,NA
9/1/20,36,High1,3,tetra,10,7.47,NA
9/1/20,36,High2,3,tetra,10,7.68,NA
9/1/20,36,High3,3,tetra,10,7.83,NA
9/1/20,36,High4,3,tetra,10,8.35,NA
9/1/20,36,High5,3,tetra,10,8.57,NA
9/1/20,36,High6,3,tetra,10,8.59,NA
9/1/20,36,High7,3,tetra,7,8.62,NA
9/1/20,36,High8,3,tetra,10,8.71,NA
9/8/20,43,High1,1,tetra,10,7.36,57000000
9/8/20,43,High2,1,tetra,10,7.87,39750000
9/8/20,43,High3,1,tetra,10,8.07,52350000
9/8/20,43,High4,1,tetra,10,8.08,23550000
9/8/20,43,High5,1,tetra,10,8.33,46650000
9/8/20,43,High6,1,tetra,10,8.46,64200000
9/8/20,43,High7,1,tetra,10,8.43,54750000
9/8/20,43,High8,1,tetra,10,8.51,58200000
9/8/20,43,High1,2,tetra,10,7.23,57000000
9/8/20,43,High2,2,tetra,10,7.92,39750000
9/8/20,43,High3,2,tetra,10,8.07,52350000
9/8/20,43,High4,2,tetra,10,8.21,23550000
9/8/20,43,High5,2,tetra,10,8.43,46650000
9/8/20,43,High6,2,tetra,10,8.42,64200000
9/8/20,43,High7,2,tetra,10,8.49,54750000
9/8/20,43,High8,2,tetra,10,8.52,58200000
9/8/20,43,High1,3,tetra,10,7.37,57000000
9/8/20,43,High2,3,tetra,10,7.98,39750000
9/8/20,43,High3,3,tetra,10,8.11,52350000
9/8/20,43,High4,3,tetra,10,8.29,23550000
9/8/20,43,High5,3,tetra,10,8.36,46650000
9/8/20,43,High6,3,tetra,10,8.51,64200000
9/8/20,43,High7,3,tetra,10,8.55,54750000
9/8/20,43,High8,3,tetra,10,8.57,58200000
9/14/20,49,High1,1,tetra,10,8.08,NA
9/14/20,49,High2,1,tetra,10,8,NA
9/14/20,49,High3,1,tetra,10,8.04,NA
9/14/20,49,High4,1,tetra,10,8.19,NA
9/14/20,49,High5,1,tetra,10,8.35,NA
9/14/20,49,High6,1,tetra,10,8.44,NA
9/14/20,49,High7,1,tetra,10,8.57,NA
9/14/20,49,High8,1,tetra,10,8.63,NA
9/14/20,49,High1,2,tetra,10,7.93,NA
9/14/20,49,High2,2,tetra,10,7.89,NA
9/14/20,49,High3,2,tetra,10,8.08,NA
9/14/20,49,High4,2,tetra,10,8.22,NA
9/14/20,49,High5,2,tetra,10,8.45,NA
9/14/20,49,High6,2,tetra,10,8.51,NA
9/14/20,49,High7,2,tetra,10,8.54,NA
9/14/20,49,High8,2,tetra,10,8.67,NA
9/14/20,49,High1,3,tetra,10,7.91,NA
9/14/20,49,High2,3,tetra,10,7.94,NA
9/14/20,49,High3,3,tetra,10,8.15,NA
9/14/20,49,High4,3,tetra,10,8.28,NA
9/14/20,49,High5,3,tetra,10,8.5,NA
9/14/20,49,High6,3,tetra,10,8.54,NA
9/14/20,49,High7,3,tetra,10,8.59,NA
9/14/20,49,High8,3,tetra,10,8.78,NA
9/21/20,56,High1,1,tetra,10,7.69,58800000
9/21/20,56,High2,1,tetra,10,7.7,40200000
9/21/20,56,High3,1,tetra,10,7.99,34950000
9/21/20,56,High4,1,tetra,10,8.18,64800000
9/21/20,56,High5,1,tetra,10,8.14,73050000
9/21/20,56,High6,1,tetra,10,8.27,57600000
9/21/20,56,High7,1,tetra,10,8.42,88050000
9/21/20,56,High8,1,tetra,10,8.48,77850000
9/21/20,56,High1,2,tetra,10,7.59,58800000
9/21/20,56,High2,2,tetra,10,7.76,40200000
9/21/20,56,High3,2,tetra,10,7.9,34950000
9/21/20,56,High4,2,tetra,10,8.06,64800000
9/21/20,56,High5,2,tetra,9,8.08,73050000
9/21/20,56,High6,2,tetra,10,8.37,57600000
9/21/20,56,High7,2,tetra,10,8.5,88050000
9/21/20,56,High8,2,tetra,10,8.54,77850000
9/21/20,56,High1,3,tetra,9,7.56,58800000
9/21/20,56,High2,3,tetra,10,7.84,40200000
9/21/20,56,High3,3,tetra,10,7.94,34950000
9/21/20,56,High4,3,tetra,10,8.12,64800000
9/21/20,56,High5,3,tetra,9,8.2,73050000
9/21/20,56,High6,3,tetra,10,8.45,57600000
9/21/20,56,High7,3,tetra,10,8.54,88050000
9/21/20,56,High8,3,tetra,10,8.58,77850000
9/28/20,63,High1,1,tetra,10,7.91,NA
9/28/20,63,High2,1,tetra,10,7.83,NA
9/28/20,63,High3,1,tetra,10,7.99,NA
9/28/20,63,High4,1,tetra,10,8.23,NA
9/28/20,63,High5,1,tetra,10,8.46,NA
9/28/20,63,High6,1,tetra,10,8.46,NA
9/28/20,63,High7,1,tetra,10,8.49,NA
9/28/20,63,High8,1,tetra,10,8.57,NA
9/28/20,63,High1,2,tetra,10,7.76,NA
9/28/20,63,High2,2,tetra,10,7.89,NA
9/28/20,63,High3,2,tetra,10,7.97,NA
9/28/20,63,High4,2,tetra,10,8.17,NA
9/28/20,63,High5,2,tetra,10,8.32,NA
9/28/20,63,High6,2,tetra,10,8.51,NA
9/28/20,63,High7,2,tetra,10,8.55,NA
9/28/20,63,High8,2,tetra,10,8.62,NA
9/28/20,63,High1,3,tetra,10,7.83,NA
9/28/20,63,High2,3,tetra,10,7.95,NA
9/28/20,63,High3,3,tetra,10,8.13,NA
9/28/20,63,High4,3,tetra,10,8.36,NA
9/28/20,63,High5,3,tetra,10,8.51,NA
9/28/20,63,High6,3,tetra,10,8.58,NA
9/28/20,63,High7,3,tetra,10,8.63,NA
9/28/20,63,High8,3,tetra,10,8.6,NA
9/28/20,63,High1,1,euplotes,0,7.91,NA
9/28/20,63,High2,1,euplotes,0,7.83,NA
9/28/20,63,High3,1,euplotes,0,7.99,NA
9/28/20,63,High4,1,euplotes,0,8.23,NA
9/28/20,63,High5,1,euplotes,0,8.46,NA
9/28/20,63,High6,1,euplotes,0,8.46,NA
9/28/20,63,High7,1,euplotes,0,8.49,NA
9/28/20,63,High8,1,euplotes,0,8.57,NA
9/28/20,63,High1,2,euplotes,0,7.76,NA
9/28/20,63,High2,2,euplotes,0,7.89,NA
9/28/20,63,High3,2,euplotes,0,7.97,NA
9/28/20,63,High4,2,euplotes,0,8.17,NA
9/28/20,63,High5,2,euplotes,0,8.32,NA
9/28/20,63,High6,2,euplotes,0,8.51,NA
9/28/20,63,High7,2,euplotes,0,8.55,NA
9/28/20,63,High8,2,euplotes,0,8.62,NA
9/28/20,63,High1,3,euplotes,0,7.83,NA
9/28/20,63,High2,3,euplotes,0,7.95,NA
9/28/20,63,High3,3,euplotes,0,8.13,NA
9/28/20,63,High4,3,euplotes,0,8.36,NA
9/28/20,63,High5,3,euplotes,0,8.51,NA
9/28/20,63,High6,3,euplotes,0,8.58,NA
9/28/20,63,High7,3,euplotes,0,8.63,NA
9/28/20,63,High8,3,euplotes,0,8.6,NA
10/5/20,70,High1,1,tetra,10,8.65,NA
10/5/20,70,High2,1,tetra,10,8.28,NA
10/5/20,70,High3,1,tetra,10,8.57,NA
10/5/20,70,High4,1,tetra,10,8.34,NA
10/5/20,70,High5,1,tetra,10,8.65,NA
10/5/20,70,High6,1,tetra,10,8.68,NA
10/5/20,70,High7,1,tetra,10,8,NA
10/5/20,70,High8,1,tetra,10,8.43,NA
10/5/20,70,High1,2,tetra,10,8.62,NA
10/5/20,70,High2,2,tetra,10,8.35,NA
10/5/20,70,High3,2,tetra,10,8.53,NA
10/5/20,70,High4,2,tetra,10,8.05,NA
10/5/20,70,High5,2,tetra,10,8.61,NA
10/5/20,70,High6,2,tetra,10,8.7,NA
10/5/20,70,High7,2,tetra,10,8.05,NA
10/5/20,70,High8,2,tetra,10,8.47,NA
10/5/20,70,High1,3,tetra,10,8.68,NA
10/5/20,70,High2,3,tetra,10,8.24,NA
10/5/20,70,High3,3,tetra,10,8.58,NA
10/5/20,70,High4,3,tetra,10,7.99,NA
10/5/20,70,High5,3,tetra,10,8.57,NA
10/5/20,70,High6,3,tetra,10,8.64,NA
10/5/20,70,High7,3,tetra,10,8.12,NA
10/5/20,70,High8,3,tetra,10,8.55,NA
10/5/20,70,High1,1,euplotes,0,8.65,NA
10/5/20,70,High2,1,euplotes,0,8.28,NA
10/5/20,70,High3,1,euplotes,0,8.57,NA
10/5/20,70,High4,1,euplotes,0,8.34,NA
10/5/20,70,High5,1,euplotes,0,8.65,NA
10/5/20,70,High6,1,euplotes,0,8.68,NA
10/5/20,70,High7,1,euplotes,0,8,NA
10/5/20,70,High8,1,euplotes,0,8.43,NA
10/5/20,70,High1,2,euplotes,0,8.62,NA
10/5/20,70,High2,2,euplotes,0,8.35,NA
10/5/20,70,High3,2,euplotes,0,8.53,NA
10/5/20,70,High4,2,euplotes,0,8.05,NA
10/5/20,70,High5,2,euplotes,0,8.61,NA
10/5/20,70,High6,2,euplotes,0,8.7,NA
10/5/20,70,High7,2,euplotes,0,8.05,NA
10/5/20,70,High8,2,euplotes,0,8.47,NA
10/5/20,70,High1,3,euplotes,0,8.68,NA
10/5/20,70,High2,3,euplotes,0,8.24,NA
10/5/20,70,High3,3,euplotes,0,8.58,NA
10/5/20,70,High4,3,euplotes,0,7.99,NA
10/5/20,70,High5,3,euplotes,0,8.57,NA
10/5/20,70,High6,3,euplotes,0,8.64,NA
10/5/20,70,High7,3,euplotes,0,8.12,NA
10/5/20,70,High8,3,euplotes,0,8.55,NA
10/13/20,79,High1,1,tetra,10,7.84,NA
10/13/20,79,High2,1,tetra,10,8.39,NA
10/13/20,79,High3,1,tetra,10,8.01,NA
10/13/20,79,High4,1,tetra,10,7.32,NA
10/13/20,79,High5,1,tetra,10,8.54,NA
10/13/20,79,High6,1,tetra,10,8.21,NA
10/13/20,79,High7,1,tetra,10,7.32,NA
10/13/20,79,High8,1,tetra,10,8.53,NA
10/13/20,79,High1,2,tetra,10,7.97,NA
10/13/20,79,High2,2,tetra,10,8.27,NA
10/13/20,79,High3,2,tetra,10,8.13,NA
10/13/20,79,High4,2,tetra,10,7.34,NA
10/13/20,79,High5,2,tetra,10,8.47,NA
10/13/20,79,High6,2,tetra,10,8.29,NA
10/13/20,79,High7,2,tetra,10,7.45,NA
10/13/20,79,High8,2,tetra,10,8.41,NA
10/13/20,79,High1,3,tetra,10,7.79,NA
10/13/20,79,High2,3,tetra,10,8.33,NA
10/13/20,79,High3,3,tetra,10,8.09,NA
10/13/20,79,High4,3,tetra,10,7.39,NA
10/13/20,79,High5,3,tetra,10,8.52,NA
10/13/20,79,High6,3,tetra,10,8.13,NA
10/13/20,79,High7,3,tetra,10,7.85,NA
10/13/20,79,High8,3,tetra,10,8.47,NA
10/13/20,79,High1,1,euplotes,0,7.84,NA
10/13/20,79,High2,1,euplotes,0,8.39,NA
10/13/20,79,High3,1,euplotes,0,8.01,NA
10/13/20,79,High4,1,euplotes,0,7.32,NA
10/13/20,79,High5,1,euplotes,0,8.54,NA
10/13/20,79,High6,1,euplotes,0,8.21,NA
10/13/20,79,High7,1,euplotes,0,7.32,NA
10/13/20,79,High8,1,euplotes,0,8.53,NA
10/13/20,79,High1,2,euplotes,0,7.97,NA
10/13/20,79,High2,2,euplotes,0,8.27,NA
10/13/20,79,High3,2,euplotes,0,8.13,NA
10/13/20,79,High4,2,euplotes,0,7.34,NA
10/13/20,79,High5,2,euplotes,0,8.47,NA
10/13/20,79,High6,2,euplotes,0,8.29,NA
10/13/20,79,High7,2,euplotes,0,7.45,NA
10/13/20,79,High8,2,euplotes,0,8.41,NA
10/13/20,79,High1,3,euplotes,0,7.79,NA
10/13/20,79,High2,3,euplotes,0,8.33,NA
10/13/20,79,High3,3,euplotes,0,8.09,NA
10/13/20,79,High4,3,euplotes,0,7.39,NA
10/13/20,79,High5,3,euplotes,0,8.52,NA
10/13/20,79,High6,3,euplotes,0,8.13,NA
10/13/20,79,High7,3,euplotes,0,7.85,NA
10/13/20,79,High8,3,euplotes,0,8.47,NA
10/23/20,88,High1,1,tetra,10,7.71,52050000
10/23/20,88,High2,1,tetra,10,8.55,27300000
10/23/20,88,High3,1,tetra,10,7.87,49950000
10/23/20,88,High4,1,tetra,10,8.2,63600000
10/23/20,88,High5,1,tetra,10,8.41,94050000
10/23/20,88,High6,1,tetra,10,7.07,74250000
10/23/20,88,High7,1,tetra,10,8.35,29250000
10/23/20,88,High8,1,tetra,10,8.22,30450000
10/23/20,88,High1,2,tetra,10,7.64,52050000
10/23/20,88,High2,2,tetra,10,8.52,27300000
10/23/20,88,High3,2,tetra,10,7.9,49950000
10/23/20,88,High4,2,tetra,10,8.23,63600000
10/23/20,88,High5,2,tetra,10,8.51,94050000
10/23/20,88,High6,2,tetra,10,7.07,74250000
10/23/20,88,High7,2,tetra,10,8.25,29250000
10/23/20,88,High8,2,tetra,10,7.98,30450000
10/23/20,88,High1,3,tetra,10,7.78,52050000
10/23/20,88,High2,3,tetra,10,8.53,27300000
10/23/20,88,High3,3,tetra,10,8,49950000
10/23/20,88,High4,3,tetra,10,8.27,63600000
10/23/20,88,High5,3,tetra,10,8.53,94050000
10/23/20,88,High6,3,tetra,10,7.05,74250000
10/23/20,88,High7,3,tetra,10,8.3,29250000
10/23/20,88,High8,3,tetra,10,8.1,30450000
10/23/20,88,High1,1,euplotes,0,7.71,52050000
10/23/20,88,High2,1,euplotes,0,8.55,27300000
10/23/20,88,High3,1,euplotes,0,7.87,49950000
10/23/20,88,High4,1,euplotes,0,8.2,63600000
10/23/20,88,High5,1,euplotes,0,8.41,94050000
10/23/20,88,High6,1,euplotes,0,7.07,74250000
10/23/20,88,High7,1,euplotes,0,8.35,29250000
10/23/20,88,High8,1,euplotes,0,8.22,30450000
10/23/20,88,High1,2,euplotes,0,7.64,52050000
10/23/20,88,High2,2,euplotes,0,8.52,27300000
10/23/20,88,High3,2,euplotes,0,7.9,49950000
10/23/20,88,High4,2,euplotes,0,8.23,63600000
10/23/20,88,High5,2,euplotes,0,8.51,94050000
10/23/20,88,High6,2,euplotes,0,7.07,74250000
10/23/20,88,High7,2,euplotes,0,8.25,29250000
10/23/20,88,High8,2,euplotes,0,7.98,30450000
10/23/20,88,High1,3,euplotes,0,7.78,52050000
10/23/20,88,High2,3,euplotes,0,8.53,27300000
10/23/20,88,High3,3,euplotes,0,8,49950000
10/23/20,88,High4,3,euplotes,0,8.27,63600000
10/23/20,88,High5,3,euplotes,0,8.53,94050000
10/23/20,88,High6,3,euplotes,0,7.05,74250000
10/23/20,88,High7,3,euplotes,0,8.3,29250000
10/23/20,88,High8,3,euplotes,0,8.1,30450000
10/30/20,95,High1,1,tetra,10,8.02,NA
10/30/20,95,High2,1,tetra,10,8.27,NA
10/30/20,95,High3,1,tetra,10,7.61,NA
10/30/20,95,High4,1,tetra,10,7.91,NA
10/30/20,95,High5,1,tetra,10,8.41,NA
10/30/20,95,High6,1,tetra,10,7.35,NA
10/30/20,95,High7,1,tetra,10,8.17,NA
10/30/20,95,High8,1,tetra,10,7.6,NA
10/30/20,95,High1,2,tetra,10,8.08,NA
10/30/20,95,High2,2,tetra,10,8.34,NA
10/30/20,95,High3,2,tetra,10,7.78,NA
10/30/20,95,High4,2,tetra,10,7.87,NA
10/30/20,95,High5,2,tetra,10,8.36,NA
10/30/20,95,High6,2,tetra,10,7.31,NA
10/30/20,95,High7,2,tetra,10,8.17,NA
10/30/20,95,High8,2,tetra,10,7.53,NA
10/30/20,95,High1,3,tetra,10,8.15,NA
10/30/20,95,High2,3,tetra,10,8.38,NA
10/30/20,95,High3,3,tetra,10,7.78,NA
10/30/20,95,High4,3,tetra,10,7.84,NA
10/30/20,95,High5,3,tetra,10,8.39,NA
10/30/20,95,High6,3,tetra,10,7.59,NA
10/30/20,95,High7,3,tetra,10,7.51,NA
10/30/20,95,High8,3,tetra,10,8.1,NA
10/30/20,95,High1,1,euplotes,0,8.02,NA
10/30/20,95,High2,1,euplotes,0,8.27,NA
10/30/20,95,High3,1,euplotes,0,7.61,NA
10/30/20,95,High4,1,euplotes,0,7.91,NA
10/30/20,95,High5,1,euplotes,0,8.41,NA
10/30/20,95,High6,1,euplotes,0,7.35,NA
10/30/20,95,High7,1,euplotes,0,8.17,NA
10/30/20,95,High8,1,euplotes,0,7.6,NA
10/30/20,95,High1,2,euplotes,0,8.08,NA
10/30/20,95,High2,2,euplotes,0,8.34,NA
10/30/20,95,High3,2,euplotes,0,7.78,NA
10/30/20,95,High4,2,euplotes,0,7.87,NA
10/30/20,95,High5,2,euplotes,0,8.36,NA
10/30/20,95,High6,2,euplotes,0,7.31,NA
10/30/20,95,High7,2,euplotes,0,8.17,NA
10/30/20,95,High8,2,euplotes,0,7.53,NA
10/30/20,95,High1,3,euplotes,0,8.15,NA
10/30/20,95,High2,3,euplotes,0,8.38,NA
10/30/20,95,High3,3,euplotes,0,7.78,NA
10/30/20,95,High4,3,euplotes,0,7.84,NA
10/30/20,95,High5,3,euplotes,0,8.39,NA
10/30/20,95,High6,3,euplotes,0,7.59,NA
10/30/20,95,High7,3,euplotes,0,7.51,NA
10/30/20,95,High8,3,euplotes,0,8.1,NA
11/2/20,99,High1,1,tetra,10,NA,78150000
11/2/20,99,High2,1,tetra,10,NA,75150000
11/2/20,99,High3,1,tetra,10,NA,91800000
11/2/20,99,High4,1,tetra,10,NA,21450000
11/2/20,99,High5,1,tetra,10,NA,26250000
11/2/20,99,High6,1,tetra,10,NA,36150000
11/2/20,99,High7,1,tetra,10,NA,33900000
11/2/20,99,High8,1,tetra,10,NA,32550000
11/2/20,99,High1,2,tetra,10,NA,78150000
11/2/20,99,High2,2,tetra,10,NA,75150000
11/2/20,99,High3,2,tetra,10,NA,91800000
11/2/20,99,High4,2,tetra,10,NA,21450000
11/2/20,99,High5,2,tetra,10,NA,26250000
11/2/20,99,High6,2,tetra,10,NA,36150000
11/2/20,99,High7,2,tetra,10,NA,33900000
11/2/20,99,High8,2,tetra,10,NA,32550000
11/2/20,99,High1,3,tetra,10,NA,78150000
11/2/20,99,High2,3,tetra,10,NA,75150000
11/2/20,99,High3,3,tetra,10,NA,91800000
11/2/20,99,High4,3,tetra,10,NA,21450000
11/2/20,99,High5,3,tetra,10,NA,26250000
11/2/20,99,High6,3,tetra,10,NA,36150000
11/2/20,99,High7,3,tetra,10,NA,33900000
11/2/20,99,High8,3,tetra,10,NA,32550000
11/2/20,99,High1,1,euplotes,0,NA,78150000
11/2/20,99,High2,1,euplotes,0,NA,75150000
11/2/20,99,High3,1,euplotes,0,NA,91800000
11/2/20,99,High4,1,euplotes,0,NA,21450000
11/2/20,99,High5,1,euplotes,0,NA,26250000
11/2/20,99,High6,1,euplotes,0,NA,36150000
11/2/20,99,High7,1,euplotes,0,NA,33900000
11/2/20,99,High8,1,euplotes,0,NA,32550000
11/2/20,99,High1,2,euplotes,0,NA,78150000
11/2/20,99,High2,2,euplotes,0,NA,75150000
11/2/20,99,High3,2,euplotes,0,NA,91800000
11/2/20,99,High4,2,euplotes,0,NA,21450000
11/2/20,99,High5,2,euplotes,0,NA,26250000
11/2/20,99,High6,2,euplotes,0,NA,36150000
11/2/20,99,High7,2,euplotes,0,NA,33900000
11/2/20,99,High8,2,euplotes,0,NA,32550000
11/2/20,99,High1,3,euplotes,0,NA,78150000
11/2/20,99,High2,3,euplotes,0,NA,75150000
11/2/20,99,High3,3,euplotes,0,NA,91800000
11/2/20,99,High4,3,euplotes,0,NA,21450000
11/2/20,99,High5,3,euplotes,0,NA,26250000
11/2/20,99,High6,3,euplotes,0,NA,36150000
11/2/20,99,High7,3,euplotes,0,NA,33900000
11/2/20,99,High8,3,euplotes,0,NA,32550000
11/9/20,106,High1,1,tetra,10,8.8,48000000
11/9/20,106,High2,1,tetra,10,8.82,41250000
11/9/20,106,High3,1,tetra,10,8.85,38250000
11/9/20,106,High4,1,tetra,10,8.69,38100000
11/9/20,106,High5,1,tetra,10,8.86,22650000
11/9/20,106,High6,1,tetra,10,8.69,26400000
11/9/20,106,High7,1,tetra,10,8.88,40650000
11/9/20,106,High8,1,tetra,10,8.87,43200000
11/9/20,106,High1,2,tetra,10,8.8,48000000
11/9/20,106,High2,2,tetra,10,8.85,41250000
11/9/20,106,High3,2,tetra,10,8.85,38250000
11/9/20,106,High4,2,tetra,10,8.68,38100000
11/9/20,106,High5,2,tetra,10,8.86,22650000
11/9/20,106,High6,2,tetra,10,8.69,26400000
11/9/20,106,High7,2,tetra,10,8.9,40650000
11/9/20,106,High8,2,tetra,10,8.87,43200000
11/9/20,106,High1,3,tetra,10,8.81,48000000
11/9/20,106,High2,3,tetra,10,8.83,41250000
11/9/20,106,High3,3,tetra,10,8.85,38250000
11/9/20,106,High4,3,tetra,10,8.67,38100000
11/9/20,106,High5,3,tetra,10,8.86,22650000
11/9/20,106,High6,3,tetra,10,8.67,26400000
11/9/20,106,High7,3,tetra,10,8.88,40650000
11/9/20,106,High8,3,tetra,10,8.86,43200000
11/9/20,106,High1,1,euplotes,0,8.8,48000000
11/9/20,106,High2,1,euplotes,0,8.82,41250000
11/9/20,106,High3,1,euplotes,0,8.85,38250000
11/9/20,106,High4,1,euplotes,0,8.69,38100000
11/9/20,106,High5,1,euplotes,0,8.86,22650000
11/9/20,106,High6,1,euplotes,0,8.69,26400000
11/9/20,106,High7,1,euplotes,0,8.88,40650000
11/9/20,106,High8,1,euplotes,0,8.87,43200000
11/9/20,106,High1,2,euplotes,0,8.8,48000000
11/9/20,106,High2,2,euplotes,0,8.85,41250000
11/9/20,106,High3,2,euplotes,0,8.85,38250000
11/9/20,106,High4,2,euplotes,0,8.68,38100000
11/9/20,106,High5,2,euplotes,0,8.86,22650000
11/9/20,106,High6,2,euplotes,0,8.69,26400000
11/9/20,106,High7,2,euplotes,0,8.9,40650000
11/9/20,106,High8,2,euplotes,0,8.87,43200000
11/9/20,106,High1,3,euplotes,0,8.81,48000000
11/9/20,106,High2,3,euplotes,0,8.83,41250000
11/9/20,106,High3,3,euplotes,0,8.85,38250000
11/9/20,106,High4,3,euplotes,0,8.67,38100000
11/9/20,106,High5,3,euplotes,0,8.86,22650000
11/9/20,106,High6,3,euplotes,0,8.67,26400000
11/9/20,106,High7,3,euplotes,0,8.88,40650000
11/9/20,106,High8,3,euplotes,0,8.86,43200000
11/17/20,114,High1,1,tetra,10,8.87,NA
11/17/20,114,High2,1,tetra,10,8.84,NA
11/17/20,114,High3,1,tetra,10,8.92,NA
11/17/20,114,High4,1,tetra,10,8.83,NA
11/17/20,114,High5,1,tetra,10,8.97,NA
11/17/20,114,High6,1,tetra,10,8.9,NA
11/17/20,114,High7,1,tetra,10,8.95,NA
11/17/20,114,High8,1,tetra,10,8.98,NA
11/17/20,114,High1,2,tetra,10,8.88,NA
11/17/20,114,High2,2,tetra,10,8.84,NA
11/17/20,114,High3,2,tetra,10,8.92,NA
11/17/20,114,High4,2,tetra,10,8.86,NA
11/17/20,114,High5,2,tetra,10,8.97,NA
11/17/20,114,High6,2,tetra,10,8.9,NA
11/17/20,114,High7,2,tetra,10,8.95,NA
11/17/20,114,High8,2,tetra,10,8.98,NA
11/17/20,114,High1,3,tetra,10,8.88,NA
11/17/20,114,High2,3,tetra,10,8.85,NA
11/17/20,114,High3,3,tetra,10,8.92,NA
11/17/20,114,High4,3,tetra,10,8.86,NA
11/17/20,114,High5,3,tetra,10,8.97,NA
11/17/20,114,High6,3,tetra,10,8.9,NA
11/17/20,114,High7,3,tetra,10,8.95,NA
11/17/20,114,High8,3,tetra,10,8.98,NA
11/17/20,114,High1,1,euplotes,0,8.87,NA
11/17/20,114,High2,1,euplotes,0,8.84,NA
11/17/20,114,High3,1,euplotes,0,8.92,NA
11/17/20,114,High4,1,euplotes,0,8.83,NA
11/17/20,114,High5,1,euplotes,0,8.97,NA
11/17/20,114,High6,1,euplotes,0,8.9,NA
11/17/20,114,High7,1,euplotes,0,8.95,NA
11/17/20,114,High8,1,euplotes,0,8.98,NA
11/17/20,114,High1,2,euplotes,0,8.88,NA
11/17/20,114,High2,2,euplotes,0,8.84,NA
11/17/20,114,High3,2,euplotes,0,8.92,NA
11/17/20,114,High4,2,euplotes,0,8.86,NA
11/17/20,114,High5,2,euplotes,0,8.97,NA
11/17/20,114,High6,2,euplotes,0,8.9,NA
11/17/20,114,High7,2,euplotes,0,8.95,NA
11/17/20,114,High8,2,euplotes,0,8.98,NA
11/17/20,114,High1,3,euplotes,0,8.88,NA
11/17/20,114,High2,3,euplotes,0,8.85,NA
11/17/20,114,High3,3,euplotes,0,8.92,NA
11/17/20,114,High4,3,euplotes,0,8.86,NA
11/17/20,114,High5,3,euplotes,0,8.97,NA
11/17/20,114,High6,3,euplotes,0,8.9,NA
11/17/20,114,High7,3,euplotes,0,8.95,NA
11/17/20,114,High8,3,euplotes,0,8.98,NA
12/1/20,127,High1,1,tetra,0,8.92,135000000
12/1/20,127,High2,1,tetra,10,8.9,142600000
12/1/20,127,High3,1,tetra,0,8.96,66800000
12/1/20,127,High4,1,tetra,8,8.9,64400000
12/1/20,127,High5,1,tetra,9,8.93,72200000
12/1/20,127,High6,1,tetra,10,8.9,40200000
12/1/20,127,High7,1,tetra,0,8.94,97800000
12/1/20,127,High8,1,tetra,5,8.93,120600000
12/1/20,127,High1,2,tetra,4,8.93,135000000
12/1/20,127,High2,2,tetra,10,8.91,142600000
12/1/20,127,High3,2,tetra,0,8.93,66800000
12/1/20,127,High4,2,tetra,8,8.9,64400000
12/1/20,127,High5,2,tetra,10,8.93,72200000
12/1/20,127,High6,2,tetra,10,8.9,40200000
12/1/20,127,High7,2,tetra,1,8.94,97800000
12/1/20,127,High8,2,tetra,3,8.93,120600000
12/1/20,127,High1,3,tetra,1,8.93,135000000
12/1/20,127,High2,3,tetra,10,8.9,142600000
12/1/20,127,High3,3,tetra,0,8.91,66800000
12/1/20,127,High4,3,tetra,4,8.9,64400000
12/1/20,127,High5,3,tetra,3,8.93,72200000
12/1/20,127,High6,3,tetra,1,8.9,40200000
12/1/20,127,High7,3,tetra,0,8.94,97800000
12/1/20,127,High8,3,tetra,6,8.93,120600000
12/1/20,127,High1,1,euplotes,0,8.92,135000000
12/1/20,127,High2,1,euplotes,0,8.9,142600000
12/1/20,127,High3,1,euplotes,0,8.96,66800000
12/1/20,127,High4,1,euplotes,0,8.9,64400000
12/1/20,127,High5,1,euplotes,0,8.93,72200000
12/1/20,127,High6,1,euplotes,0,8.9,40200000
12/1/20,127,High7,1,euplotes,0,8.94,97800000
12/1/20,127,High8,1,euplotes,0,8.93,120600000
12/1/20,127,High1,2,euplotes,0,8.93,135000000
12/1/20,127,High2,2,euplotes,0,8.91,142600000
12/1/20,127,High3,2,euplotes,0,8.93,66800000
12/1/20,127,High4,2,euplotes,0,8.9,64400000
12/1/20,127,High5,2,euplotes,0,8.93,72200000
12/1/20,127,High6,2,euplotes,0,8.9,40200000
12/1/20,127,High7,2,euplotes,0,8.94,97800000
12/1/20,127,High8,2,euplotes,0,8.93,120600000
12/1/20,127,High1,3,euplotes,0,8.93,135000000
12/1/20,127,High2,3,euplotes,0,8.9,142600000
12/1/20,127,High3,3,euplotes,0,8.91,66800000
12/1/20,127,High4,3,euplotes,0,8.9,64400000
12/1/20,127,High5,3,euplotes,0,8.93,72200000
12/1/20,127,High6,3,euplotes,0,8.9,40200000
12/1/20,127,High7,3,euplotes,0,8.94,97800000
12/1/20,127,High8,3,euplotes,0,8.93,120600000
12/7/20,133,High1,1,tetra,10,8.93,40650000
12/7/20,133,High2,1,tetra,10,8.99,30900000
12/7/20,133,High3,1,tetra,10,8.99,75900000
12/7/20,133,High4,1,tetra,9,8.96,92550000
12/7/20,133,High5,1,tetra,10,9.04,85500000
12/7/20,133,High6,1,tetra,10,8.96,68400000
12/7/20,133,High7,1,tetra,10,8.83,52650000
12/7/20,133,High8,1,tetra,10,8.98,44250000
12/7/20,133,High1,2,tetra,10,8.93,40650000
12/7/20,133,High2,2,tetra,10,8.98,30900000
12/7/20,133,High3,2,tetra,10,8.99,75900000
12/7/20,133,High4,2,tetra,10,8.96,92550000
12/7/20,133,High5,2,tetra,10,9.04,85500000
12/7/20,133,High6,2,tetra,10,8.95,68400000
12/7/20,133,High7,2,tetra,10,8.83,52650000
12/7/20,133,High8,2,tetra,10,8.98,44250000
12/7/20,133,High1,3,tetra,10,8.93,40650000
12/7/20,133,High2,3,tetra,10,8.98,30900000
12/7/20,133,High3,3,tetra,10,8.99,75900000
12/7/20,133,High4,3,tetra,10,8.96,92550000
12/7/20,133,High5,3,tetra,10,9.03,85500000
12/7/20,133,High6,3,tetra,10,8.95,68400000
12/7/20,133,High7,3,tetra,10,8.83,52650000
12/7/20,133,High8,3,tetra,10,8.98,44250000
12/7/20,133,High1,1,euplotes,0,8.93,40650000
12/7/20,133,High2,1,euplotes,0,8.99,30900000
12/7/20,133,High3,1,euplotes,0,8.99,75900000
12/7/20,133,High4,1,euplotes,0,8.96,92550000
12/7/20,133,High5,1,euplotes,0,9.04,85500000
12/7/20,133,High6,1,euplotes,0,8.96,68400000
12/7/20,133,High7,1,euplotes,0,8.83,52650000
12/7/20,133,High8,1,euplotes,0,8.98,44250000
12/7/20,133,High1,2,euplotes,0,8.93,40650000
12/7/20,133,High2,2,euplotes,0,8.98,30900000
12/7/20,133,High3,2,euplotes,0,8.99,75900000
12/7/20,133,High4,2,euplotes,0,8.96,92550000
12/7/20,133,High5,2,euplotes,0,9.04,85500000
12/7/20,133,High6,2,euplotes,0,8.95,68400000
12/7/20,133,High7,2,euplotes,0,8.83,52650000
12/7/20,133,High8,2,euplotes,0,8.98,44250000
12/7/20,133,High1,3,euplotes,0,8.93,40650000
12/7/20,133,High2,3,euplotes,0,8.98,30900000
12/7/20,133,High3,3,euplotes,0,8.99,75900000
12/7/20,133,High4,3,euplotes,0,8.96,92550000
12/7/20,133,High5,3,euplotes,0,9.03,85500000
12/7/20,133,High6,3,euplotes,0,8.95,68400000
12/7/20,133,High7,3,euplotes,0,8.83,52650000
12/7/20,133,High8,3,euplotes,0,8.98,44250000
12/14/20,140,High1,1,tetra,10,8.57,31800000
12/14/20,140,High2,1,tetra,10,8.57,88350000
12/14/20,140,High3,1,tetra,10,8.41,32850000
12/14/20,140,High4,1,tetra,10,8.55,37350000
12/14/20,140,High5,1,tetra,10,8.55,44250000
12/14/20,140,High6,1,tetra,10,8.48,25650000
12/14/20,140,High7,1,tetra,10,8.49,21750000
12/14/20,140,High8,1,tetra,10,8.53,25500000
12/14/20,140,High1,2,tetra,10,8.59,31800000
12/14/20,140,High2,2,tetra,10,8.57,88350000
12/14/20,140,High3,2,tetra,10,8.42,32850000
12/14/20,140,High4,2,tetra,10,8.55,37350000
12/14/20,140,High5,2,tetra,10,8.55,44250000
12/14/20,140,High6,2,tetra,10,8.48,25650000
12/14/20,140,High7,2,tetra,10,8.48,21750000
12/14/20,140,High8,2,tetra,10,8.53,25500000
12/14/20,140,High1,3,tetra,10,8.59,31800000
12/14/20,140,High2,3,tetra,10,8.55,88350000
12/14/20,140,High3,3,tetra,10,8.42,32850000
12/14/20,140,High4,3,tetra,10,8.55,37350000
12/14/20,140,High5,3,tetra,10,8.55,44250000
12/14/20,140,High6,3,tetra,10,8.47,25650000
12/14/20,140,High7,3,tetra,10,8.49,21750000
12/14/20,140,High8,3,tetra,10,8.53,25500000
12/14/20,140,High1,1,euplotes,0,8.57,31800000
12/14/20,140,High2,1,euplotes,0,8.57,88350000
12/14/20,140,High3,1,euplotes,0,8.41,32850000
12/14/20,140,High4,1,euplotes,0,8.55,37350000
12/14/20,140,High5,1,euplotes,0,8.55,44250000
12/14/20,140,High6,1,euplotes,0,8.48,25650000
12/14/20,140,High7,1,euplotes,0,8.49,21750000
12/14/20,140,High8,1,euplotes,0,8.53,25500000
12/14/20,140,High1,2,euplotes,0,8.59,31800000
12/14/20,140,High2,2,euplotes,0,8.57,88350000
12/14/20,140,High3,2,euplotes,0,8.42,32850000
12/14/20,140,High4,2,euplotes,0,8.55,37350000
12/14/20,140,High5,2,euplotes,0,8.55,44250000
12/14/20,140,High6,2,euplotes,0,8.48,25650000
12/14/20,140,High7,2,euplotes,0,8.48,21750000
12/14/20,140,High8,2,euplotes,0,8.53,25500000
12/14/20,140,High1,3,euplotes,0,8.59,31800000
12/14/20,140,High2,3,euplotes,0,8.55,88350000
12/14/20,140,High3,3,euplotes,0,8.42,32850000
12/14/20,140,High4,3,euplotes,0,8.55,37350000
12/14/20,140,High5,3,euplotes,0,8.55,44250000
12/14/20,140,High6,3,euplotes,0,8.47,25650000
12/14/20,140,High7,3,euplotes,0,8.49,21750000
12/14/20,140,High8,3,euplotes,0,8.53,25500000
1/4/21,161,High1,1,tetra,10,8.85,36600000
1/4/21,161,High2,1,tetra,10,8.83,48750000
1/4/21,161,High3,1,tetra,10,8.8,26850000
1/4/21,161,High4,1,tetra,0,8.84,30300000
1/4/21,161,High5,1,tetra,10,8.86,41700000
1/4/21,161,High6,1,tetra,10,8.84,47400000
1/4/21,161,High7,1,tetra,10,8.83,63150000
1/4/21,161,High8,1,tetra,10,8.85,40200000
1/4/21,161,High1,2,tetra,10,8.85,36600000
1/4/21,161,High2,2,tetra,10,8.84,48750000
1/4/21,161,High3,2,tetra,10,8.8,26850000
1/4/21,161,High4,2,tetra,0,8.84,30300000
1/4/21,161,High5,2,tetra,10,8.85,41700000
1/4/21,161,High6,2,tetra,10,8.84,47400000
1/4/21,161,High7,2,tetra,10,8.83,63150000
1/4/21,161,High8,2,tetra,10,8.85,40200000
1/4/21,161,High1,3,tetra,10,8.85,36600000
1/4/21,161,High2,3,tetra,10,8.84,48750000
1/4/21,161,High3,3,tetra,10,8.8,26850000
1/4/21,161,High4,3,tetra,0,8.84,30300000
1/4/21,161,High5,3,tetra,10,8.86,41700000
1/4/21,161,High6,3,tetra,3,8.84,47400000
1/4/21,161,High7,3,tetra,10,8.82,63150000
1/4/21,161,High8,3,tetra,4,8.84,40200000
1/4/21,161,High1,1,euplotes,0,8.85,36600000
1/4/21,161,High2,1,euplotes,0,8.83,48750000
1/4/21,161,High3,1,euplotes,0,8.8,26850000
1/4/21,161,High4,1,euplotes,0,8.84,30300000
1/4/21,161,High5,1,euplotes,0,8.86,41700000
1/4/21,161,High6,1,euplotes,0,8.84,47400000
1/4/21,161,High7,1,euplotes,0,8.83,63150000
1/4/21,161,High8,1,euplotes,0,8.85,40200000
1/4/21,161,High1,2,euplotes,0,8.85,36600000
1/4/21,161,High2,2,euplotes,0,8.84,48750000
1/4/21,161,High3,2,euplotes,0,8.8,26850000
1/4/21,161,High4,2,euplotes,0,8.84,30300000
1/4/21,161,High5,2,euplotes,0,8.85,41700000
1/4/21,161,High6,2,euplotes,0,8.84,47400000
1/4/21,161,High7,2,euplotes,0,8.83,63150000
1/4/21,161,High8,2,euplotes,0,8.85,40200000
1/4/21,161,High1,3,euplotes,0,8.85,36600000
1/4/21,161,High2,3,euplotes,0,8.84,48750000
1/4/21,161,High3,3,euplotes,0,8.8,26850000
1/4/21,161,High4,3,euplotes,0,8.84,30300000
1/4/21,161,High5,3,euplotes,0,8.86,41700000
1/4/21,161,High6,3,euplotes,0,8.84,47400000
1/4/21,161,High7,3,euplotes,0,8.82,63150000
1/4/21,161,High8,3,euplotes,0,8.84,40200000
1/11/21,168,High1,1,tetra,10,8.75,33300000
1/11/21,168,High2,1,tetra,2,8.83,45600000
1/11/21,168,High3,1,tetra,10,8.75,35850000
1/11/21,168,High4,1,tetra,2,8.75,32250000
1/11/21,168,High5,1,tetra,3,8.83,45450000
1/11/21,168,High6,1,tetra,4,8.75,40200000
1/11/21,168,High7,1,tetra,10,8.75,32550000
1/11/21,168,High8,1,tetra,0,8.83,34050000
1/11/21,168,High1,2,tetra,10,8.75,33300000
1/11/21,168,High2,2,tetra,6,8.82,45600000
1/11/21,168,High3,2,tetra,10,8.75,35850000
1/11/21,168,High4,2,tetra,6,8.75,32250000
1/11/21,168,High5,2,tetra,0,8.83,45450000
1/11/21,168,High6,2,tetra,2,8.75,40200000
1/11/21,168,High7,2,tetra,10,8.75,32550000
1/11/21,168,High8,2,tetra,0,8.83,34050000
1/11/21,168,High1,3,tetra,10,8.73,33300000
1/11/21,168,High2,3,tetra,5,8.83,45600000
1/11/21,168,High3,3,tetra,10,8.75,35850000
1/11/21,168,High4,3,tetra,5,8.75,32250000
1/11/21,168,High5,3,tetra,3,8.83,45450000
1/11/21,168,High6,3,tetra,0,8.75,40200000
1/11/21,168,High7,3,tetra,10,8.75,32550000
1/11/21,168,High8,3,tetra,0,8.83,34050000
1/11/21,168,High1,1,euplotes,0,8.75,33300000
1/11/21,168,High2,1,euplotes,0,8.83,45600000
1/11/21,168,High3,1,euplotes,0,8.75,35850000
1/11/21,168,High4,1,euplotes,0,8.75,32250000
1/11/21,168,High5,1,euplotes,0,8.83,45450000
1/11/21,168,High6,1,euplotes,0,8.75,40200000
1/11/21,168,High7,1,euplotes,0,8.75,32550000
1/11/21,168,High8,1,euplotes,0,8.83,34050000
1/11/21,168,High1,2,euplotes,0,8.75,33300000
1/11/21,168,High2,2,euplotes,0,8.82,45600000
1/11/21,168,High3,2,euplotes,0,8.75,35850000
1/11/21,168,High4,2,euplotes,0,8.75,32250000
1/11/21,168,High5,2,euplotes,0,8.83,45450000
1/11/21,168,High6,2,euplotes,0,8.75,40200000
1/11/21,168,High7,2,euplotes,0,8.75,32550000
1/11/21,168,High8,2,euplotes,0,8.83,34050000
1/11/21,168,High1,3,euplotes,0,8.73,33300000
1/11/21,168,High2,3,euplotes,0,8.83,45600000
1/11/21,168,High3,3,euplotes,0,8.75,35850000
1/11/21,168,High4,3,euplotes,0,8.75,32250000
1/11/21,168,High5,3,euplotes,0,8.83,45450000
1/11/21,168,High6,3,euplotes,0,8.75,40200000
1/11/21,168,High7,3,euplotes,0,8.75,32550000
1/11/21,168,High8,3,euplotes,0,8.83,34050000
1/19/21,176,High1,1,tetra,10,8.71,83700000
1/19/21,176,High2,1,tetra,9,8.77,111900000
1/19/21,176,High3,1,tetra,10,8.69,20700000
1/19/21,176,High4,1,tetra,10,8.8,28500000
1/19/21,176,High5,1,tetra,10,8.82,43650000
1/19/21,176,High6,1,tetra,8,8.84,44700000
1/19/21,176,High7,1,tetra,10,8.77,38700000
1/19/21,176,High8,1,tetra,10,8.64,54150000
1/19/21,176,High1,2,tetra,10,8.71,83700000
1/19/21,176,High2,2,tetra,10,8.77,111900000
1/19/21,176,High3,2,tetra,10,8.7,20700000
1/19/21,176,High4,2,tetra,10,8.81,28500000
1/19/21,176,High5,2,tetra,10,8.82,43650000
1/19/21,176,High6,2,tetra,3,8.84,44700000
1/19/21,176,High7,2,tetra,10,8.78,38700000
1/19/21,176,High8,2,tetra,10,8.72,54150000
1/19/21,176,High1,3,tetra,10,8.71,83700000
1/19/21,176,High2,3,tetra,10,8.76,111900000
1/19/21,176,High3,3,tetra,10,8.7,20700000
1/19/21,176,High4,3,tetra,9,8.81,28500000
1/19/21,176,High5,3,tetra,10,8.82,43650000
1/19/21,176,High6,3,tetra,7,8.84,44700000
1/19/21,176,High7,3,tetra,10,8.78,38700000
1/19/21,176,High8,3,tetra,10,8.72,54150000
1/19/21,176,High1,1,euplotes,0,8.71,83700000
1/19/21,176,High2,1,euplotes,0,8.77,111900000
1/19/21,176,High3,1,euplotes,0,8.69,20700000
1/19/21,176,High4,1,euplotes,0,8.8,28500000
1/19/21,176,High5,1,euplotes,0,8.82,43650000
1/19/21,176,High6,1,euplotes,0,8.84,44700000
1/19/21,176,High7,1,euplotes,0,8.77,38700000
1/19/21,176,High8,1,euplotes,0,8.64,54150000
1/19/21,176,High1,2,euplotes,0,8.71,83700000
1/19/21,176,High2,2,euplotes,0,8.77,111900000
1/19/21,176,High3,2,euplotes,0,8.7,20700000
1/19/21,176,High4,2,euplotes,0,8.81,28500000
1/19/21,176,High5,2,euplotes,0,8.82,43650000
1/19/21,176,High6,2,euplotes,0,8.84,44700000
1/19/21,176,High7,2,euplotes,0,8.78,38700000
1/19/21,176,High8,2,euplotes,0,8.72,54150000
1/19/21,176,High1,3,euplotes,0,8.71,83700000
1/19/21,176,High2,3,euplotes,0,8.76,111900000
1/19/21,176,High3,3,euplotes,0,8.7,20700000
1/19/21,176,High4,3,euplotes,0,8.81,28500000
1/19/21,176,High5,3,euplotes,0,8.82,43650000
1/19/21,176,High6,3,euplotes,0,8.84,44700000
1/19/21,176,High7,3,euplotes,0,8.78,38700000
1/19/21,176,High8,3,euplotes,0,8.72,54150000
1/26/21,183,High1,1,tetra,10,8.74,66600000
1/26/21,183,High2,1,tetra,10,8.71,71700000
1/26/21,183,High3,1,tetra,10,8.72,58950000
1/26/21,183,High4,1,tetra,10,8.76,44250000
1/26/21,183,High5,1,tetra,10,8.8,130200000
1/26/21,183,High6,1,tetra,6,8.76,83100000
1/26/21,183,High7,1,tetra,10,8.72,100950000
1/26/21,183,High8,1,tetra,10,8.72,86550000
1/26/21,183,High1,2,tetra,10,8.74,66600000
1/26/21,183,High2,2,tetra,10,8.71,71700000
1/26/21,183,High3,2,tetra,10,8.72,58950000
1/26/21,183,High4,2,tetra,9,8.76,44250000
1/26/21,183,High5,2,tetra,10,8.82,130200000
1/26/21,183,High6,2,tetra,7,8.76,83100000
1/26/21,183,High7,2,tetra,10,8.72,100950000
1/26/21,183,High8,2,tetra,10,8.73,86550000
1/26/21,183,High1,3,tetra,10,8.71,66600000
1/26/21,183,High2,3,tetra,10,8.72,71700000
1/26/21,183,High3,3,tetra,10,8.72,58950000
1/26/21,183,High4,3,tetra,10,8.76,44250000
1/26/21,183,High5,3,tetra,10,8.82,130200000
1/26/21,183,High6,3,tetra,10,8.76,83100000
1/26/21,183,High7,3,tetra,10,8.7,100950000
1/26/21,183,High8,3,tetra,10,8.73,86550000
1/26/21,183,High1,1,euplotes,0,8.74,66600000
1/26/21,183,High2,1,euplotes,0,8.71,71700000
1/26/21,183,High3,1,euplotes,0,8.72,58950000
1/26/21,183,High4,1,euplotes,0,8.76,44250000
1/26/21,183,High5,1,euplotes,0,8.8,130200000
1/26/21,183,High6,1,euplotes,0,8.76,83100000
1/26/21,183,High7,1,euplotes,0,8.72,100950000
1/26/21,183,High8,1,euplotes,0,8.72,86550000
1/26/21,183,High1,2,euplotes,0,8.74,66600000
1/26/21,183,High2,2,euplotes,0,8.71,71700000
1/26/21,183,High3,2,euplotes,0,8.72,58950000
1/26/21,183,High4,2,euplotes,0,8.76,44250000
1/26/21,183,High5,2,euplotes,0,8.82,130200000
1/26/21,183,High6,2,euplotes,0,8.76,83100000
1/26/21,183,High7,2,euplotes,0,8.72,100950000
1/26/21,183,High8,2,euplotes,0,8.73,86550000
1/26/21,183,High1,3,euplotes,0,8.71,66600000
1/26/21,183,High2,3,euplotes,0,8.72,71700000
1/26/21,183,High3,3,euplotes,0,8.72,58950000
1/26/21,183,High4,3,euplotes,0,8.76,44250000
1/26/21,183,High5,3,euplotes,0,8.82,130200000
1/26/21,183,High6,3,euplotes,0,8.76,83100000
1/26/21,183,High7,3,euplotes,0,8.7,100950000
1/26/21,183,High8,3,euplotes,0,8.73,86550000
2/2/21,190,High1,1,tetra,10,8.66,77000000
2/2/21,190,High2,1,tetra,9,8.59,108800000
2/2/21,190,High3,1,tetra,9,8.66,157400000
2/2/21,190,High4,1,tetra,6,8.67,108000000
2/2/21,190,High5,1,tetra,10,8.57,116600000
2/2/21,190,High6,1,tetra,1,8.62,175200000
2/2/21,190,High7,1,tetra,10,8.7,134800000
2/2/21,190,High8,1,tetra,10,8.69,113800000
2/2/21,190,High1,2,tetra,10,8.66,77000000
2/2/21,190,High2,2,tetra,10,8.6,108800000
2/2/21,190,High3,2,tetra,8,8.66,157400000
2/2/21,190,High4,2,tetra,9,8.68,108000000
2/2/21,190,High5,2,tetra,10,8.58,116600000
2/2/21,190,High6,2,tetra,2,8.61,175200000
2/2/21,190,High7,2,tetra,10,8.71,134800000
2/2/21,190,High8,2,tetra,10,8.69,113800000
2/2/21,190,High1,3,tetra,10,8.66,77000000
2/2/21,190,High2,3,tetra,10,8.6,108800000
2/2/21,190,High3,3,tetra,9,8.67,157400000
2/2/21,190,High4,3,tetra,6,8.68,108000000
2/2/21,190,High5,3,tetra,10,8.58,116600000
2/2/21,190,High6,3,tetra,6,8.62,175200000
2/2/21,190,High7,3,tetra,9,8.71,134800000
2/2/21,190,High8,3,tetra,10,8.69,113800000
2/2/21,190,High1,1,euplotes,0,8.66,77000000
2/2/21,190,High2,1,euplotes,0,8.59,108800000
2/2/21,190,High3,1,euplotes,0,8.66,157400000
2/2/21,190,High4,1,euplotes,0,8.67,108000000
2/2/21,190,High5,1,euplotes,0,8.57,116600000
2/2/21,190,High6,1,euplotes,0,8.62,175200000
2/2/21,190,High7,1,euplotes,0,8.7,134800000
2/2/21,190,High8,1,euplotes,0,8.69,113800000
2/2/21,190,High1,2,euplotes,0,8.66,77000000
2/2/21,190,High2,2,euplotes,0,8.6,108800000
2/2/21,190,High3,2,euplotes,0,8.66,157400000
2/2/21,190,High4,2,euplotes,0,8.68,108000000
2/2/21,190,High5,2,euplotes,0,8.58,116600000
2/2/21,190,High6,2,euplotes,0,8.61,175200000
2/2/21,190,High7,2,euplotes,0,8.71,134800000
2/2/21,190,High8,2,euplotes,0,8.69,113800000
2/2/21,190,High1,3,euplotes,0,8.66,77000000
2/2/21,190,High2,3,euplotes,0,8.6,108800000
2/2/21,190,High3,3,euplotes,0,8.67,157400000
2/2/21,190,High4,3,euplotes,0,8.68,108000000
2/2/21,190,High5,3,euplotes,0,8.58,116600000
2/2/21,190,High6,3,euplotes,0,8.62,175200000
2/2/21,190,High7,3,euplotes,0,8.71,134800000
2/2/21,190,High8,3,euplotes,0,8.69,113800000
2/9/21,197,High1,1,tetra,10,8.43,151200000
2/9/21,197,High2,1,tetra,10,8.28,166200000
2/9/21,197,High3,1,tetra,10,8.18,216300000
2/9/21,197,High4,1,tetra,10,8.32,291300000
2/9/21,197,High5,1,tetra,10,8.17,130800000
2/9/21,197,High6,1,tetra,10,8.19,170400000
2/9/21,197,High7,1,tetra,10,8.04,325200000
2/9/21,197,High8,1,tetra,10,8.26,220800000
2/9/21,197,High1,2,tetra,10,8.42,151200000
2/9/21,197,High2,2,tetra,10,8.27,166200000
2/9/21,197,High3,2,tetra,10,8.17,216300000
2/9/21,197,High4,2,tetra,10,8.32,291300000
2/9/21,197,High5,2,tetra,10,8.17,130800000
2/9/21,197,High6,2,tetra,10,8.18,170400000
2/9/21,197,High7,2,tetra,10,8.02,325200000
2/9/21,197,High8,2,tetra,10,8.25,220800000
2/9/21,197,High1,3,tetra,10,8.42,151200000
2/9/21,197,High2,3,tetra,10,8.25,166200000
2/9/21,197,High3,3,tetra,10,8.14,216300000
2/9/21,197,High4,3,tetra,10,8.3,291300000
2/9/21,197,High5,3,tetra,10,8.12,130800000
2/9/21,197,High6,3,tetra,10,8.16,170400000
2/9/21,197,High7,3,tetra,10,7.96,325200000
2/9/21,197,High8,3,tetra,10,8.21,220800000
2/9/21,197,High1,1,euplotes,0,8.43,151200000
2/9/21,197,High2,1,euplotes,0,8.28,166200000
2/9/21,197,High3,1,euplotes,0,8.18,216300000
2/9/21,197,High4,1,euplotes,0,8.32,291300000
2/9/21,197,High5,1,euplotes,0,8.17,130800000
2/9/21,197,High6,1,euplotes,0,8.19,170400000
2/9/21,197,High7,1,euplotes,0,8.04,325200000
2/9/21,197,High8,1,euplotes,0,8.26,220800000
2/9/21,197,High1,2,euplotes,0,8.42,151200000
2/9/21,197,High2,2,euplotes,0,8.27,166200000
2/9/21,197,High3,2,euplotes,0,8.17,216300000
2/9/21,197,High4,2,euplotes,0,8.32,291300000
2/9/21,197,High5,2,euplotes,0,8.17,130800000
2/9/21,197,High6,2,euplotes,0,8.18,170400000
2/9/21,197,High7,2,euplotes,0,8.02,325200000
2/9/21,197,High8,2,euplotes,0,8.25,220800000
2/9/21,197,High1,3,euplotes,0,8.42,151200000
2/9/21,197,High2,3,euplotes,0,8.25,166200000
2/9/21,197,High3,3,euplotes,0,8.14,216300000
2/9/21,197,High4,3,euplotes,0,8.3,291300000
2/9/21,197,High5,3,euplotes,0,8.12,130800000
2/9/21,197,High6,3,euplotes,0,8.16,170400000
2/9/21,197,High7,3,euplotes,0,7.96,325200000
2/9/21,197,High8,3,euplotes,0,8.21,220800000
2/18/21,206,High1,1,tetra,10,8.65,153000000
2/18/21,206,High2,1,tetra,10,8.51,147200000
2/18/21,206,High3,1,tetra,10,8.51,121200000
2/18/21,206,High4,1,tetra,10,8.58,148800000
2/18/21,206,High5,1,tetra,10,8.62,196800000
2/18/21,206,High6,1,tetra,10,8.55,149200000
2/18/21,206,High7,1,tetra,10,8.45,246000000
2/18/21,206,High8,1,tetra,10,8.49,180800000
2/18/21,206,High1,2,tetra,10,8.65,153000000
2/18/21,206,High2,2,tetra,10,8.51,147200000
2/18/21,206,High3,2,tetra,10,8.51,121200000
2/18/21,206,High4,2,tetra,10,8.58,148800000
2/18/21,206,High5,2,tetra,10,8.59,196800000
2/18/21,206,High6,2,tetra,10,8.57,149200000
2/18/21,206,High7,2,tetra,10,8.49,246000000
2/18/21,206,High8,2,tetra,10,8.54,180800000
2/18/21,206,High1,3,tetra,10,8.61,153000000
2/18/21,206,High2,3,tetra,10,8.5,147200000
2/18/21,206,High3,3,tetra,10,8.47,121200000
2/18/21,206,High4,3,tetra,10,8.57,148800000
2/18/21,206,High5,3,tetra,10,8.59,196800000
2/18/21,206,High6,3,tetra,10,8.57,149200000
2/18/21,206,High7,3,tetra,10,8.49,246000000
2/18/21,206,High8,3,tetra,10,8.55,180800000
2/18/21,206,High1,1,euplotes,0,8.65,153000000
2/18/21,206,High2,1,euplotes,0,8.51,147200000
2/18/21,206,High3,1,euplotes,0,8.51,121200000
2/18/21,206,High4,1,euplotes,0,8.58,148800000
2/18/21,206,High5,1,euplotes,0,8.62,196800000
2/18/21,206,High6,1,euplotes,0,8.55,149200000
2/18/21,206,High7,1,euplotes,0,8.45,246000000
2/18/21,206,High8,1,euplotes,0,8.49,180800000
2/18/21,206,High1,2,euplotes,0,8.65,153000000
2/18/21,206,High2,2,euplotes,0,8.51,147200000
2/18/21,206,High3,2,euplotes,0,8.51,121200000
2/18/21,206,High4,2,euplotes,0,8.58,148800000
2/18/21,206,High5,2,euplotes,0,8.59,196800000
2/18/21,206,High6,2,euplotes,0,8.57,149200000
2/18/21,206,High7,2,euplotes,0,8.49,246000000
2/18/21,206,High8,2,euplotes,0,8.54,180800000
2/18/21,206,High1,3,euplotes,0,8.61,153000000
2/18/21,206,High2,3,euplotes,0,8.5,147200000
2/18/21,206,High3,3,euplotes,0,8.47,121200000
2/18/21,206,High4,3,euplotes,0,8.57,148800000
2/18/21,206,High5,3,euplotes,0,8.59,196800000
2/18/21,206,High6,3,euplotes,0,8.57,149200000
2/18/21,206,High7,3,euplotes,0,8.49,246000000
2/18/21,206,High8,3,euplotes,0,8.55,180800000
2/25/21,213,High1,1,tetra,10,8.61,321900000
2/25/21,213,High2,1,tetra,10,8.56,367650000
2/25/21,213,High3,1,tetra,10,8.51,312950000
2/25/21,213,High4,1,tetra,10,8.62,342650000
2/25/21,213,High5,1,tetra,10,8.64,264550000
2/25/21,213,High6,1,tetra,10,8.66,334950000
2/25/21,213,High7,1,tetra,10,8.51,262900000
2/25/21,213,High8,1,tetra,10,8.61,209000000
2/25/21,213,High1,2,tetra,10,8.58,321900000
2/25/21,213,High2,2,tetra,10,8.58,367650000
2/25/21,213,High3,2,tetra,10,8.5,312950000
2/25/21,213,High4,2,tetra,10,8.61,342650000
2/25/21,213,High5,2,tetra,10,8.63,264550000
2/25/21,213,High6,2,tetra,10,8.66,334950000
2/25/21,213,High7,2,tetra,10,8.5,262900000
2/25/21,213,High8,2,tetra,10,8.6,209000000
2/25/21,213,High1,3,tetra,10,8.61,321900000
2/25/21,213,High2,3,tetra,10,8.59,367650000
2/25/21,213,High3,3,tetra,10,8.5,312950000
2/25/21,213,High4,3,tetra,10,8.61,342650000
2/25/21,213,High5,3,tetra,10,8.64,264550000
2/25/21,213,High6,3,tetra,10,8.66,334950000
2/25/21,213,High7,3,tetra,10,8.48,262900000
2/25/21,213,High8,3,tetra,10,8.59,209000000
2/25/21,213,High1,1,euplotes,0,8.61,321900000
2/25/21,213,High2,1,euplotes,0,8.56,367650000
2/25/21,213,High3,1,euplotes,0,8.51,312950000
2/25/21,213,High4,1,euplotes,0,8.62,342650000
2/25/21,213,High5,1,euplotes,0,8.64,264550000
2/25/21,213,High6,1,euplotes,0,8.66,334950000
2/25/21,213,High7,1,euplotes,0,8.51,262900000
2/25/21,213,High8,1,euplotes,0,8.61,209000000
2/25/21,213,High1,2,euplotes,0,8.58,321900000
2/25/21,213,High2,2,euplotes,0,8.58,367650000
2/25/21,213,High3,2,euplotes,0,8.5,312950000
2/25/21,213,High4,2,euplotes,0,8.61,342650000
2/25/21,213,High5,2,euplotes,0,8.63,264550000
2/25/21,213,High6,2,euplotes,0,8.66,334950000
2/25/21,213,High7,2,euplotes,0,8.5,262900000
2/25/21,213,High8,2,euplotes,0,8.6,209000000
2/25/21,213,High1,3,euplotes,0,8.61,321900000
2/25/21,213,High2,3,euplotes,0,8.59,367650000
2/25/21,213,High3,3,euplotes,0,8.5,312950000
2/25/21,213,High4,3,euplotes,0,8.61,342650000
2/25/21,213,High5,3,euplotes,0,8.64,264550000
2/25/21,213,High6,3,euplotes,0,8.66,334950000
2/25/21,213,High7,3,euplotes,0,8.48,262900000
2/25/21,213,High8,3,euplotes,0,8.59,209000000
3/2/21,218,High1,1,tetra,10,8.59,332500000
3/2/21,218,High2,1,tetra,10,8.49,471000000
3/2/21,218,High3,1,tetra,10,8.44,362000000
3/2/21,218,High4,1,tetra,10,8.51,357000000
3/2/21,218,High5,1,tetra,10,8.6,298000000
3/2/21,218,High6,1,tetra,10,8.36,232500000
3/2/21,218,High7,1,tetra,10,8.47,186000000
3/2/21,218,High8,1,tetra,10,8.59,209000000
3/2/21,218,High1,2,tetra,10,8.61,332500000
3/2/21,218,High2,2,tetra,10,8.46,471000000
3/2/21,218,High3,2,tetra,10,8.44,362000000
3/2/21,218,High4,2,tetra,10,8.5,357000000
3/2/21,218,High5,2,tetra,10,8.6,298000000
3/2/21,218,High6,2,tetra,10,8.39,232500000
3/2/21,218,High7,2,tetra,10,8.48,186000000
3/2/21,218,High8,2,tetra,10,8.57,209000000
3/2/21,218,High1,3,tetra,10,8.62,332500000
3/2/21,218,High2,3,tetra,10,8.48,471000000
3/2/21,218,High3,3,tetra,10,8.4,362000000
3/2/21,218,High4,3,tetra,10,8.45,357000000
3/2/21,218,High5,3,tetra,10,8.56,298000000
3/2/21,218,High6,3,tetra,10,8.4,232500000
3/2/21,218,High7,3,tetra,10,8.49,186000000
3/2/21,218,High8,3,tetra,10,8.58,209000000
3/2/21,218,High1,1,euplotes,0,8.59,332500000
3/2/21,218,High2,1,euplotes,0,8.49,471000000
3/2/21,218,High3,1,euplotes,0,8.44,362000000
3/2/21,218,High4,1,euplotes,0,8.51,357000000
3/2/21,218,High5,1,euplotes,0,8.6,298000000
3/2/21,218,High6,1,euplotes,0,8.36,232500000
3/2/21,218,High7,1,euplotes,0,8.47,186000000
3/2/21,218,High8,1,euplotes,0,8.59,209000000
3/2/21,218,High1,2,euplotes,0,8.61,332500000
3/2/21,218,High2,2,euplotes,0,8.46,471000000
3/2/21,218,High3,2,euplotes,0,8.44,362000000
3/2/21,218,High4,2,euplotes,0,8.5,357000000
3/2/21,218,High5,2,euplotes,0,8.6,298000000
3/2/21,218,High6,2,euplotes,0,8.39,232500000
3/2/21,218,High7,2,euplotes,0,8.48,186000000
3/2/21,218,High8,2,euplotes,0,8.57,209000000
3/2/21,218,High1,3,euplotes,0,8.62,332500000
3/2/21,218,High2,3,euplotes,0,8.48,471000000
3/2/21,218,High3,3,euplotes,0,8.4,362000000
3/2/21,218,High4,3,euplotes,0,8.45,357000000
3/2/21,218,High5,3,euplotes,0,8.56,298000000
3/2/21,218,High6,3,euplotes,0,8.4,232500000
3/2/21,218,High7,3,euplotes,0,8.49,186000000
3/2/21,218,High8,3,euplotes,0,8.58,209000000